{
    "device": 0,
    "frame_rate": 30,
    "resolution": {
        "width": 1280,
        "height": 720
    },
    "camera_matrix": {
        "left": {
            "fx": 722.630977890279,
            "fy": 722.7761438859905,
            "cx": 642.3085134344027,
            "cy": 337.9411605129548
        },
        "right": {
            "fx": 721.5718301289434,
            "fy": 721.3537446239962,
            "cx": 649.8399717029141,
            "cy": 340.8174992825201
        }
    },
    "distortion_coefficients": {
        "left": {
            "k1": 0.1172598890196848,
            "k2": -0.160594276558549,
            "p1": 0.0007497959826629522,
            "p2": 0.0005299275691709567,
            "k3": 0.0162068497100239
        },
        "right": {
            "k1": 0.07834828963398845,
            "k2": 0.02664621034575864,
            "p1": -0.001709621114564896,
            "p2": 0.0009968149501952419,
            "k3": -0.2187053570258788
        }
    }
}